repo,instance_id,version,n_files_touched,patch_size,n_test_files_touched,test_patch_size,num_FAIL_TO_PASS,problem_length_words,predicted_GH_labels,dominant_topic,hdbscan_topic,hdbscan_topic_all,ExpeRepair_Claude4,Refact_ai_Agent,KGCompass_Claude4,SWE-agent_Claude4,SWE-agent_Claude3_7,KGCompass_DeepSeek_V3,Moatless_Tools_Deepseek_V3,SWE-Fixer_Qwen25-7b,SWE-agent_GPT_4o,SWE-agent_Claude3Opus
astropy/astropy,astropy__astropy-12907,4.3,1,2,1,19,2,158,bug,8,0,0,1,1,1,1,1,1,0,0,0,1
astropy/astropy,astropy__astropy-14182,5.1,1,41,1,28,1,189,enhancement,6,-1,3,0,0,0,0,0,0,0,0,0,0
astropy/astropy,astropy__astropy-14365,5.1,1,4,1,15,1,202,bug,12,-1,2,0,0,0,0,0,0,0,0,0,0
astropy/astropy,astropy__astropy-14995,5.2,1,4,1,39,1,357,bug,6,3,2,1,1,1,1,1,1,1,1,1,1
astropy/astropy,astropy__astropy-6938,1.3,1,2,2,17,2,76,bug,4,-1,4,1,1,1,1,0,1,0,1,0,0
astropy/astropy,astropy__astropy-7746,1.3,1,5,1,18,1,192,bug,14,3,0,0,0,0,0,0,0,0,0,0,0
django/django,django__django-10914,3.0,1,2,1,2,1,151,enhancement,6,0,2,1,1,1,1,1,1,1,1,0,1
django/django,django__django-10924,3.0,1,2,1,22,1,112,enhancement,13,0,2,1,1,1,1,1,1,0,0,0,0
django/django,django__django-11001,3.0,1,3,1,23,2,316,bug,6,0,1,1,1,1,1,0,0,0,0,0,0
django/django,django__django-11019,3.0,1,76,3,127,16,183,bug,6,0,2,0,0,0,0,0,0,0,0,0,0
django/django,django__django-11039,3.0,1,5,1,39,1,118,bug,6,0,2,1,1,1,1,1,1,1,1,1,0
django/django,django__django-11049,3.0,1,2,1,2,1,104,bug,1,0,0,1,1,0,1,1,0,1,1,1,0
django/django,django__django-11099,3.0,1,4,1,4,3,121,enhancement,12,0,0,1,1,1,1,1,1,1,1,1,1
django/django,django__django-11133,3.0,1,2,1,4,1,110,question,0,0,2,1,1,1,1,1,1,1,1,1,1
django/django,django__django-11179,3.0,1,1,1,9,1,42,bug,6,0,2,1,1,1,1,1,0,1,1,0,0
django/django,django__django-11283,3.0,1,30,1,25,1,168,bug,12,0,2,0,0,0,0,0,0,0,0,0,0
django/django,django__django-11422,3.0,1,10,1,4,1,93,bug,6,0,2,1,1,1,0,0,1,0,0,0,0
django/django,django__django-11564,3.1,1,31,2,51,2,136,enhancement,6,0,2,0,0,0,0,0,0,0,0,0,0
django/django,django__django-11583,3.0,1,4,1,11,2,402,bug,7,0,1,1,1,1,1,1,1,0,1,0,0
django/django,django__django-11620,3.0,1,6,1,7,1,152,enhancement,6,0,2,0,1,1,1,1,0,0,0,0,0
django/django,django__django-11630,3.0,1,20,1,60,2,111,bug,0,0,-1,0,0,0,0,0,0,0,0,0,0
django/django,django__django-11742,3.0,1,17,1,26,2,56,enhancement,0,0,0,0,0,0,0,0,0,0,0,0,0
django/django,django__django-11797,3.1,1,6,1,13,1,89,bug,0,0,2,0,1,1,0,0,1,0,0,0,0
django/django,django__django-11815,3.1,1,7,1,46,2,244,bug,0,0,2,1,1,1,1,1,1,0,0,0,0
django/django,django__django-11848,3.1,1,10,1,25,2,102,bug,6,0,2,1,1,1,0,0,1,1,0,0,0
django/django,django__django-11905,3.1,1,13,2,36,2,59,bug,4,0,2,0,0,1,0,0,0,0,0,0,0
django/django,django__django-11910,3.1,1,4,1,24,1,113,bug,0,0,2,0,0,0,0,0,0,0,0,0,0
django/django,django__django-11964,3.1,1,8,1,6,2,238,bug,12,0,2,1,1,0,0,0,0,0,0,0,0
django/django,django__django-11999,3.1,1,8,1,10,1,66,bug,2,0,2,1,1,1,1,1,1,0,1,0,0
django/django,django__django-12113,3.1,1,2,1,18,1,442,bug,12,0,1,1,0,1,1,0,0,0,0,0,0
django/django,django__django-12125,3.1,1,2,1,25,2,181,bug,13,0,2,1,1,1,1,1,1,0,0,0,0
django/django,django__django-12184,3.1,1,3,2,15,1,96,question,0,0,4,1,1,1,1,1,0,0,0,0,0
django/django,django__django-12284,3.1,1,6,1,13,1,109,bug,0,0,2,1,1,1,1,1,1,1,0,0,0
django/django,django__django-12286,3.1,1,9,1,34,1,113,bug,2,0,2,1,1,1,1,1,1,1,1,0,1
django/django,django__django-12308,3.1,1,5,1,17,2,69,bug,7,0,2,0,0,1,1,0,0,0,0,0,0
django/django,django__django-12453,3.1,1,13,2,29,1,336,bug,0,0,4,1,1,0,1,1,0,1,1,1,1
django/django,django__django-12470,3.1,1,6,2,17,1,70,bug,0,0,0,0,0,1,1,0,0,0,0,0,0
django/django,django__django-12497,3.1,1,4,1,33,2,112,bug,0,0,2,0,1,1,1,1,0,0,0,1,0
django/django,django__django-12589,3.1,1,15,2,17,1,265,bug,0,0,4,0,1,1,1,0,0,0,0,0,0
django/django,django__django-12700,3.1,1,4,1,35,1,181,bug,2,0,2,1,1,1,1,1,0,1,0,1,0
django/django,django__django-12708,3.1,1,7,2,37,1,156,bug,6,0,4,1,0,1,1,1,0,1,0,1,0
django/django,django__django-12747,3.1,1,6,1,7,3,150,bug,9,0,2,0,1,1,0,0,0,0,0,0,0
django/django,django__django-12856,3.2,1,6,1,67,3,64,bug,13,0,2,1,1,0,1,1,0,0,0,0,0
django/django,django__django-12908,3.2,1,1,1,1,2,98,bug,2,0,2,1,1,1,1,0,0,0,1,0,0
django/django,django__django-12915,3.2,1,8,3,71,3,89,enhancement,14,0,3,1,1,1,1,1,0,0,0,0,0
django/django,django__django-12983,3.2,1,11,1,7,1,44,bug,7,0,2,1,1,1,1,1,1,1,1,1,0
django/django,django__django-13028,3.2,1,5,2,13,2,239,bug,0,0,4,1,1,1,1,1,1,1,1,0,0
django/django,django__django-13033,3.2,1,7,2,17,1,437,bug,0,0,4,1,1,1,1,1,0,0,0,0,0
django/django,django__django-13158,3.2,1,3,1,7,1,131,bug,0,0,2,1,1,1,1,1,0,0,0,0,0
django/django,django__django-13220,3.2,1,20,1,269,4,85,enhancement,12,0,3,0,0,0,0,0,0,0,0,0,0
django/django,django__django-13230,3.2,1,1,2,15,1,46,enhancement,6,-1,0,1,1,0,0,1,1,1,1,0,1
django/django,django__django-13265,3.2,1,27,1,109,4,142,bug,0,0,3,0,0,0,0,0,0,0,0,0,0
django/django,django__django-13315,3.2,1,12,2,76,1,47,bug,0,0,2,1,1,0,1,0,0,0,0,0,0
django/django,django__django-13321,3.2,1,9,1,15,355,362,bug,12,0,1,0,0,0,0,0,0,0,0,0,0
django/django,django__django-13401,3.2,1,26,1,30,1,189,enhancement,6,0,3,1,1,0,0,1,1,1,1,0,0
django/django,django__django-13447,4.0,1,1,1,5,1,66,enhancement,6,0,0,1,1,1,1,1,1,1,1,1,1
django/django,django__django-13448,3.2,1,12,5,62,1,416,question,12,0,4,0,1,1,0,0,1,0,0,0,0
django/django,django__django-13551,3.2,1,10,4,37,2,88,bug,7,0,-1,1,0,1,1,0,1,0,1,0,0
django/django,django__django-13590,3.2,1,6,1,10,1,132,bug,4,0,0,1,1,1,1,1,1,1,1,0,0
django/django,django__django-13658,3.2,1,7,1,17,1,153,enhancement,9,4,2,1,1,1,1,1,1,1,1,1,0
django/django,django__django-13660,3.2,1,4,1,41,2,254,bug,7,0,2,1,1,0,0,0,0,0,0,0,0
django/django,django__django-13710,4.0,1,7,1,49,1,147,enhancement,0,0,2,1,1,1,1,1,1,0,1,1,1
django/django,django__django-13757,3.2,1,19,1,4,1,114,bug,12,0,0,1,1,1,1,0,0,1,1,0,0
django/django,django__django-13768,3.2,1,9,1,29,1,96,enhancement,6,0,2,0,0,0,0,0,0,0,0,0,0
django/django,django__django-13925,4.0,1,5,1,63,2,468,bug,1,0,1,1,1,0,0,0,0,0,0,0,0
django/django,django__django-13933,4.0,1,6,1,13,1,158,bug,2,0,2,1,1,1,1,1,1,1,1,1,1
django/django,django__django-13964,4.0,1,2,2,24,1,243,bug,0,0,4,1,1,1,1,1,1,0,0,0,0
django/django,django__django-14016,4.0,1,7,1,8,2,99,bug,6,0,2,1,1,1,1,1,0,0,1,0,0
django/django,django__django-14017,4.0,1,2,1,22,2,136,bug,6,0,2,1,1,0,1,1,0,0,0,0,0
django/django,django__django-14155,4.0,1,13,1,24,3,76,enhancement,7,-1,0,0,0,0,0,0,0,0,0,0,0
django/django,django__django-14238,4.0,1,2,2,27,2,207,bug,0,0,0,1,1,0,1,1,0,1,0,1,0
django/django,django__django-14382,4.0,1,4,1,7,1,79,bug,7,0,2,1,1,1,1,1,1,1,1,1,1
django/django,django__django-14411,4.0,1,3,1,13,1,57,bug,13,0,0,1,1,1,1,1,1,0,1,0,0
django/django,django__django-14534,4.0,1,2,1,18,2,194,bug,5,0,2,0,0,1,1,0,0,0,0,0,0
django/django,django__django-14580,4.0,1,2,1,7,1,183,bug,0,0,2,1,1,1,1,0,1,0,0,0,0
django/django,django__django-14608,4.0,1,7,2,19,4,100,enhancement,11,0,4,1,1,1,1,1,1,0,0,0,0
django/django,django__django-14667,4.0,1,7,1,8,1,119,bug,13,0,2,0,0,0,0,0,0,0,0,0,0
django/django,django__django-14672,4.0,1,2,3,47,168,520,bug,9,0,3,1,0,1,1,1,1,1,1,0,0
django/django,django__django-14730,4.0,1,10,3,22,1,76,enhancement,7,0,4,0,0,0,0,0,0,0,0,0,0
django/django,django__django-14752,4.0,1,12,1,24,1,295,enhancement,0,0,1,1,1,1,1,1,1,1,1,0,1
django/django,django__django-14787,4.1,1,2,1,23,1,90,bug,14,-1,0,1,1,1,1,1,0,1,0,0,0
django/django,django__django-14855,4.0,1,6,2,16,1,146,bug,6,0,4,1,1,1,1,1,1,1,1,1,0
django/django,django__django-14915,4.1,1,3,1,8,1,125,bug,13,0,2,1,1,1,1,1,1,1,1,0,0
django/django,django__django-14997,4.1,1,6,2,61,3,395,bug,12,0,4,0,0,1,0,0,0,0,0,0,0
django/django,django__django-14999,4.1,1,11,1,22,1,41,bug,12,0,0,1,1,1,1,0,0,0,0,1,0
django/django,django__django-15061,4.1,1,4,3,27,3,56,enhancement,6,0,4,1,1,1,0,0,1,0,0,0,0
django/django,django__django-15202,4.1,1,13,1,4,2,58,bug,12,0,0,0,0,0,0,0,0,0,0,0,0
django/django,django__django-15213,4.1,1,9,1,20,3,67,bug,12,0,2,1,1,1,1,1,1,0,0,0,0
django/django,django__django-15252,4.1,1,8,2,43,2,243,bug,13,0,2,0,0,0,0,0,0,0,0,0,0
django/django,django__django-15320,4.1,1,3,1,9,1,111,bug,8,0,2,1,0,1,0,0,0,0,0,0,0
django/django,django__django-15347,4.1,1,2,1,33,1,191,bug,8,0,0,1,1,1,1,1,1,1,0,1,1
django/django,django__django-15388,4.1,1,2,1,13,1,133,bug,13,0,2,0,0,1,0,0,0,0,0,0,0
django/django,django__django-15400,4.1,1,6,1,11,2,102,enhancement,0,4,2,1,1,1,1,1,0,0,0,0,0
django/django,django__django-15498,4.1,1,4,1,3,1,46,bug,5,0,0,1,1,0,1,0,1,0,0,0,0
django/django,django__django-15695,4.1,1,3,1,5,1,94,bug,6,0,2,0,0,0,0,0,0,0,0,0,0
django/django,django__django-15738,4.2,1,5,1,50,2,258,bug,13,0,2,0,0,0,0,0,0,0,0,0,0
django/django,django__django-15781,4.2,1,2,1,9,1,137,enhancement,6,4,2,1,1,1,0,0,1,0,0,0,0
django/django,django__django-15789,4.2,1,6,1,11,1,86,enhancement,6,0,2,1,1,1,1,1,1,1,1,0,1
django/django,django__django-15790,4.2,1,8,1,13,1,47,bug,1,-1,2,1,1,1,1,0,1,1,1,0,0
django/django,django__django-15814,4.2,1,1,1,6,1,199,bug,9,0,2,1,1,1,1,1,0,0,0,0,0
django/django,django__django-15819,4.2,1,12,2,10,1,69,bug,13,0,4,0,0,0,0,0,0,0,0,0,0
django/django,django__django-15851,4.2,1,2,1,2,1,97,bug,7,0,0,1,1,1,1,1,1,1,0,1,1
django/django,django__django-15902,4.2,1,2,1,11,1,64,question,7,0,2,1,1,1,1,1,1,0,0,0,0
django/django,django__django-15996,4.2,1,17,1,8,1,96,enhancement,0,0,2,0,0,0,0,0,0,0,0,0,0
django/django,django__django-16041,4.2,1,15,1,4,2,155,bug,6,0,-1,1,1,1,1,1,0,1,1,0,0
django/django,django__django-16046,4.2,1,2,1,4,1,53,bug,1,0,2,1,0,1,1,1,1,0,0,1,1
django/django,django__django-16139,4.2,1,4,1,22,1,175,bug,6,0,0,1,1,1,1,1,1,1,1,1,1
django/django,django__django-16229,4.2,1,10,1,40,1,145,bug,0,0,2,0,0,0,1,0,0,0,0,0,0
django/django,django__django-16255,4.2,1,2,2,29,1,143,bug,14,0,4,1,1,1,1,1,1,1,1,1,0
django/django,django__django-16379,4.2,1,5,1,6,2,134,bug,12,0,0,1,1,1,1,1,1,1,0,1,1
django/django,django__django-16400,4.2,1,15,1,19,1,289,enhancement,6,0,2,0,1,1,1,1,1,0,0,0,0
django/django,django__django-16408,5.0,1,9,1,20,2,57,bug,0,0,2,1,1,1,0,0,0,0,0,0,0
django/django,django__django-16527,5.0,1,2,1,35,1,61,enhancement,12,0,2,1,1,1,1,1,1,1,1,1,1
django/django,django__django-16595,5.0,1,6,1,18,1,142,enhancement,4,0,2,1,1,1,1,1,1,1,1,1,1
django/django,django__django-16816,5.0,1,7,1,24,2,433,bug,6,0,1,0,0,0,0,0,0,0,0,0,0
django/django,django__django-16820,5.0,1,65,2,321,7,48,bug,13,0,3,0,0,0,0,0,0,0,0,0,0
django/django,django__django-16873,5.0,1,5,1,18,2,215,bug,4,0,2,1,1,1,1,1,1,1,1,1,0
django/django,django__django-16910,5.0,1,8,2,35,2,131,bug,0,0,4,1,0,0,0,0,0,0,0,0,0
django/django,django__django-17051,5.0,1,7,1,37,5,166,enhancement,6,0,2,1,1,1,1,1,0,1,0,0,0
django/django,django__django-17087,5.0,1,2,1,13,1,100,question,0,0,2,1,0,1,1,1,1,0,0,0,0
matplotlib/matplotlib,matplotlib__matplotlib-18869,3.3,1,67,1,10,4,275,enhancement,1,4,3,0,0,0,0,0,0,0,0,0,0
matplotlib/matplotlib,matplotlib__matplotlib-22711,3.5,1,24,1,13,2,371,bug,8,2,2,0,0,0,0,0,0,0,0,0,0
matplotlib/matplotlib,matplotlib__matplotlib-22835,3.5,1,19,1,163,1,220,bug,6,2,2,0,0,0,0,0,0,0,0,0,0
matplotlib/matplotlib,matplotlib__matplotlib-23299,3.5,1,5,1,7,1,198,bug,11,2,2,0,0,0,0,0,0,0,0,0,0
matplotlib/matplotlib,matplotlib__matplotlib-23314,3.5,1,2,2,14,1,124,bug,11,2,4,1,1,1,0,1,0,1,1,0,0
matplotlib/matplotlib,matplotlib__matplotlib-23476,3.5,1,3,1,9,1,352,bug,11,2,2,0,0,1,0,0,0,0,0,0,0
matplotlib/matplotlib,matplotlib__matplotlib-23562,3.5,1,10,1,22,2,147,bug,6,2,2,0,1,0,1,1,0,1,0,0,0
matplotlib/matplotlib,matplotlib__matplotlib-23563,3.5,1,1,1,7,1,395,bug,5,2,2,0,0,0,1,1,0,0,0,0,0
matplotlib/matplotlib,matplotlib__matplotlib-23913,3.6,1,8,1,8,2,108,enhancement,6,2,2,1,0,1,1,1,1,1,1,0,0
matplotlib/matplotlib,matplotlib__matplotlib-23964,3.6,1,5,1,9,1,365,bug,11,2,0,1,1,1,1,1,1,1,1,0,1
matplotlib/matplotlib,matplotlib__matplotlib-23987,3.6,1,5,1,11,1,142,bug,11,2,2,1,1,0,0,1,0,0,0,0,0
matplotlib/matplotlib,matplotlib__matplotlib-24149,3.6,1,8,1,13,1,361,bug,6,2,4,1,1,1,0,1,1,1,0,0,1
matplotlib/matplotlib,matplotlib__matplotlib-24265,3.6,1,69,1,2,1,167,bug,11,2,3,0,0,0,0,1,0,0,0,0,0
matplotlib/matplotlib,matplotlib__matplotlib-24334,3.6,1,3,1,11,1,98,enhancement,14,2,4,1,1,1,0,0,0,0,0,0,0
matplotlib/matplotlib,matplotlib__matplotlib-24970,3.6,1,21,1,7,1,207,bug,11,3,-1,1,1,1,1,1,1,1,1,0,0
matplotlib/matplotlib,matplotlib__matplotlib-25079,3.6,1,8,1,5,1,325,bug,11,2,0,0,0,0,0,0,0,0,0,0,0
matplotlib/matplotlib,matplotlib__matplotlib-25311,3.7,1,4,1,12,1,101,bug,11,2,0,1,1,1,1,1,0,0,0,0,0
matplotlib/matplotlib,matplotlib__matplotlib-25332,3.7,1,13,1,4,1,105,bug,11,2,2,0,1,0,0,0,0,0,0,0,0
matplotlib/matplotlib,matplotlib__matplotlib-25433,3.7,1,1,1,10,1,226,bug,5,2,2,0,0,0,0,0,0,0,0,0,0
matplotlib/matplotlib,matplotlib__matplotlib-25442,3.7,1,31,1,8,1,195,bug,11,2,3,1,1,1,1,1,1,0,0,0,1
matplotlib/matplotlib,matplotlib__matplotlib-25498,3.7,1,8,1,6,1,137,bug,6,2,2,1,0,1,1,0,0,0,0,0,0
matplotlib/matplotlib,matplotlib__matplotlib-26011,3.7,1,12,1,9,1,233,bug,6,2,4,1,0,0,0,1,0,1,0,0,0
matplotlib/matplotlib,matplotlib__matplotlib-26020,3.7,1,13,1,4,1,1171,bug,6,2,1,1,1,1,1,1,0,0,1,0,0
mwaskom/seaborn,mwaskom__seaborn-2848,0.12,1,7,1,11,1,151,bug,5,2,2,0,0,0,0,0,0,0,0,0,0
mwaskom/seaborn,mwaskom__seaborn-3010,0.12,1,5,1,9,1,397,bug,14,2,0,1,1,1,0,1,1,1,1,1,0
mwaskom/seaborn,mwaskom__seaborn-3190,0.12,1,2,1,6,1,223,bug,6,2,2,1,1,1,1,1,1,1,0,1,0
mwaskom/seaborn,mwaskom__seaborn-3407,0.13,1,4,1,7,1,226,bug,3,2,0,0,0,0,1,0,0,0,0,0,0
pallets/flask,pallets__flask-4045,2.0,1,16,2,94,2,41,enhancement,0,6,-1,0,0,0,0,0,0,0,0,0,0
pallets/flask,pallets__flask-4992,2.3,1,11,2,15,1,142,enhancement,6,0,4,0,0,1,0,0,1,0,0,0,0
pallets/flask,pallets__flask-5063,2.3,1,65,1,51,2,175,enhancement,5,0,3,0,0,0,0,0,0,0,0,0,0
psf/requests,psf__requests-1963,2.3,1,5,1,61,7,83,bug,6,0,3,1,1,1,1,0,0,0,0,1,0
psf/requests,psf__requests-2148,2.3,1,5,1,14,10,184,question,6,0,2,0,1,0,1,0,0,0,0,0,0
psf/requests,psf__requests-2317,2.4,1,4,1,5,8,131,bug,5,0,2,0,1,1,0,1,1,1,1,1,0
psf/requests,psf__requests-2674,2.7,1,4,1,10,12,73,enhancement,12,0,2,0,1,1,0,0,1,0,1,0,1
psf/requests,psf__requests-3362,2.1,1,17,1,7,1,64,question,6,0,-1,1,1,1,1,1,1,0,0,0,0
psf/requests,psf__requests-863,0.14,1,6,1,34,4,139,enhancement,5,-1,2,1,0,1,0,1,0,1,1,0,0
pydata/xarray,pydata__xarray-3364,0.12,1,10,2,30,2,95,enhancement,6,3,4,0,0,1,0,0,0,0,0,0,0
pydata/xarray,pydata__xarray-4094,0.12,1,2,1,8,1,197,bug,3,3,4,1,1,1,1,0,0,0,0,0,0
pydata/xarray,pydata__xarray-4248,0.12,1,2,1,39,1,125,enhancement,1,-1,2,0,0,0,0,0,0,0,0,0,0
pydata/xarray,pydata__xarray-4493,0.12,1,10,4,13,1,302,bug,2,3,4,0,0,0,0,0,0,0,0,0,0
pydata/xarray,pydata__xarray-5131,0.12,1,2,1,4,10,359,bug,6,6,2,1,1,1,1,1,1,0,1,1,0
pylint-dev/pylint,pylint-dev__pylint-5859,2.13,1,4,1,10,1,130,bug,7,-1,2,1,1,1,1,1,0,1,1,0,0
pylint-dev/pylint,pylint-dev__pylint-6506,2.14,1,3,1,11,2,180,enhancement,7,4,2,0,0,0,0,0,0,0,0,0,0
pylint-dev/pylint,pylint-dev__pylint-7080,2.15,1,1,1,21,1,1892,bug,15,4,1,1,1,1,0,0,0,0,0,0,0
pylint-dev/pylint,pylint-dev__pylint-7114,2.15,1,10,2,13,1,263,bug,7,4,4,1,0,0,1,1,0,0,0,0,0
pylint-dev/pylint,pylint-dev__pylint-7228,2.15,1,13,1,30,2,260,bug,7,4,2,0,0,0,0,0,0,0,0,0,0
pylint-dev/pylint,pylint-dev__pylint-7993,2.15,1,2,1,28,1,279,bug,7,4,2,1,1,1,1,1,1,1,0,0,0
pytest-dev/pytest,pytest-dev__pytest-11143,8.0,1,1,1,14,1,394,bug,1,4,1,1,1,1,1,1,1,1,0,1,0
pytest-dev/pytest,pytest-dev__pytest-11148,8.0,1,2,2,62,2,250,bug,6,4,4,1,1,1,1,0,0,0,0,0,0
pytest-dev/pytest,pytest-dev__pytest-5103,4.5,1,25,1,53,1,269,enhancement,1,4,3,0,0,0,1,0,0,0,0,0,0
pytest-dev/pytest,pytest-dev__pytest-5221,4.4,1,10,1,18,2,42,enhancement,1,4,0,1,0,0,0,0,0,0,0,0,0
pytest-dev/pytest,pytest-dev__pytest-5227,4.4,1,2,1,14,3,120,enhancement,6,0,0,1,1,1,1,1,1,1,1,1,1
pytest-dev/pytest,pytest-dev__pytest-5413,4.6,1,7,1,14,1,259,bug,6,4,2,0,1,1,0,0,0,0,0,0,0
pytest-dev/pytest,pytest-dev__pytest-5495,4.6,1,25,1,21,2,113,bug,12,-1,-1,1,0,0,0,1,0,0,0,0,0
pytest-dev/pytest,pytest-dev__pytest-5692,5.0,1,4,1,26,2,103,enhancement,1,4,0,1,0,0,1,1,0,0,0,1,0
pytest-dev/pytest,pytest-dev__pytest-6116,5.2,1,1,1,4,2,184,enhancement,5,4,2,0,1,0,0,0,0,0,0,0,0
pytest-dev/pytest,pytest-dev__pytest-7168,5.4,1,2,1,17,11,575,bug,2,4,1,0,1,1,1,0,1,0,0,0,0
pytest-dev/pytest,pytest-dev__pytest-7220,5.4,1,10,1,27,1,255,bug,1,4,0,0,0,1,0,0,0,0,0,0,0
pytest-dev/pytest,pytest-dev__pytest-7373,5.4,1,21,1,30,1,123,bug,6,4,3,1,1,1,1,1,1,1,0,1,0
pytest-dev/pytest,pytest-dev__pytest-7432,5.4,1,3,1,25,1,99,bug,1,4,2,1,1,1,1,1,1,1,0,1,0
pytest-dev/pytest,pytest-dev__pytest-7490,6.0,1,21,1,28,2,826,bug,1,4,1,1,1,1,1,1,1,0,1,0,0
pytest-dev/pytest,pytest-dev__pytest-8365,6.3,1,7,1,12,1,217,bug,7,4,2,0,0,1,0,0,1,0,0,0,0
pytest-dev/pytest,pytest-dev__pytest-8906,7.0,1,8,1,2,1,296,enhancement,8,4,2,0,1,0,0,0,0,0,0,0,0
pytest-dev/pytest,pytest-dev__pytest-9359,7.0,1,5,1,13,1,370,bug,1,4,0,1,0,1,1,0,1,0,0,0,0
scikit-learn/scikit-learn,scikit-learn__scikit-learn-10297,0.2,1,34,1,38,1,182,enhancement,6,3,3,1,1,1,1,1,0,1,1,0,0
scikit-learn/scikit-learn,scikit-learn__scikit-learn-10508,0.2,1,7,1,15,2,170,bug,14,3,2,0,0,0,0,0,0,0,0,0,0
scikit-learn/scikit-learn,scikit-learn__scikit-learn-10949,0.2,1,16,1,33,1,172,bug,14,3,0,0,0,0,0,0,0,0,0,0,0
scikit-learn/scikit-learn,scikit-learn__scikit-learn-11040,0.2,1,17,1,16,1,86,enhancement,6,3,2,0,0,0,0,0,0,0,0,0,0
scikit-learn/scikit-learn,scikit-learn__scikit-learn-11281,0.2,1,30,2,73,2,83,enhancement,13,3,3,1,1,0,1,1,0,1,0,0,1
scikit-learn/scikit-learn,scikit-learn__scikit-learn-12471,0.21,1,9,1,17,1,289,bug,14,3,0,1,1,1,1,1,1,1,0,0,0
scikit-learn/scikit-learn,scikit-learn__scikit-learn-13142,0.21,1,10,2,18,2,315,bug,14,3,4,1,1,1,1,1,1,1,0,0,0
scikit-learn/scikit-learn,scikit-learn__scikit-learn-13241,0.21,1,5,2,31,1,99,question,6,-1,2,1,1,1,1,1,0,1,1,0,0
scikit-learn/scikit-learn,scikit-learn__scikit-learn-13439,0.21,1,6,1,1,1,120,bug,14,3,2,1,1,1,1,1,1,1,1,0,0
scikit-learn/scikit-learn,scikit-learn__scikit-learn-13496,0.21,1,10,1,22,1,197,enhancement,6,-1,2,1,1,1,1,1,1,1,1,1,0
scikit-learn/scikit-learn,scikit-learn__scikit-learn-13497,0.21,1,14,1,18,1,49,bug,8,-1,2,1,1,0,0,0,0,1,0,0,0
scikit-learn/scikit-learn,scikit-learn__scikit-learn-13584,0.21,1,2,1,4,6,44,bug,14,-1,0,1,1,1,1,1,0,1,0,0,0
scikit-learn/scikit-learn,scikit-learn__scikit-learn-13779,0.22,1,2,1,24,2,61,bug,9,3,0,1,1,1,1,1,0,1,1,1,1
scikit-learn/scikit-learn,scikit-learn__scikit-learn-14087,0.22,1,9,1,12,3,204,bug,14,3,2,0,1,0,1,1,0,0,0,1,0
scikit-learn/scikit-learn,scikit-learn__scikit-learn-14092,0.22,1,10,1,16,3,375,question,6,3,1,1,1,1,1,1,1,1,0,0,0
scikit-learn/scikit-learn,scikit-learn__scikit-learn-14894,0.22,1,13,1,13,1,189,bug,14,3,0,1,1,1,1,1,1,1,1,1,1
scikit-learn/scikit-learn,scikit-learn__scikit-learn-14983,0.22,1,5,1,11,2,110,bug,14,-1,2,1,1,1,1,0,0,0,0,0,0
scikit-learn/scikit-learn,scikit-learn__scikit-learn-15512,0.22,1,5,1,8,1,233,enhancement,6,3,2,1,1,1,1,1,1,0,0,0,0
scikit-learn/scikit-learn,scikit-learn__scikit-learn-15535,0.22,1,4,1,4,8,70,bug,9,3,2,1,1,1,1,1,1,0,0,1,1
scikit-learn/scikit-learn,scikit-learn__scikit-learn-25500,1.3,1,41,1,22,1,283,bug,7,3,3,0,0,1,0,0,0,0,0,0,0
scikit-learn/scikit-learn,scikit-learn__scikit-learn-25570,1.3,1,4,1,29,3,429,bug,7,3,0,1,1,1,0,1,1,1,0,1,0
scikit-learn/scikit-learn,scikit-learn__scikit-learn-25638,1.3,1,35,3,70,10,216,enhancement,3,3,3,0,0,0,0,0,0,0,0,0,0
scikit-learn/scikit-learn,scikit-learn__scikit-learn-25747,1.3,1,4,1,34,1,495,bug,14,3,1,0,0,0,0,0,1,0,0,0,0
sphinx-doc/sphinx,sphinx-doc__sphinx-10325,5.0,1,12,2,67,1,174,enhancement,3,1,-1,1,0,0,1,0,0,0,1,0,0
sphinx-doc/sphinx,sphinx-doc__sphinx-10451,5.1,1,20,8,112,2,184,bug,1,1,4,1,1,0,0,0,0,0,0,0,0
sphinx-doc/sphinx,sphinx-doc__sphinx-11445,7.1,1,14,1,55,2,213,bug,7,1,3,1,1,0,1,0,0,0,0,0,0
sphinx-doc/sphinx,sphinx-doc__sphinx-7686,3.1,1,54,2,102,2,156,bug,3,1,3,0,0,0,0,0,0,0,0,0,0
sphinx-doc/sphinx,sphinx-doc__sphinx-7738,3.1,1,2,1,21,1,140,bug,3,1,0,0,0,0,0,0,0,0,0,0,0
sphinx-doc/sphinx,sphinx-doc__sphinx-7975,3.2,1,14,1,6,1,85,bug,12,1,0,1,1,1,1,1,0,0,0,0,0
sphinx-doc/sphinx,sphinx-doc__sphinx-8273,3.3,1,10,1,7,1,154,enhancement,13,1,2,0,0,0,0,0,0,0,0,0,0
sphinx-doc/sphinx,sphinx-doc__sphinx-8282,3.3,1,10,1,48,1,104,bug,3,1,0,0,0,0,0,0,0,0,0,0,0
sphinx-doc/sphinx,sphinx-doc__sphinx-8435,3.4,1,6,2,50,1,105,bug,3,1,0,0,0,0,0,1,0,0,0,0,0
sphinx-doc/sphinx,sphinx-doc__sphinx-8474,3.4,1,5,1,8,4,91,bug,4,1,4,0,0,0,0,0,0,0,0,0,0
sphinx-doc/sphinx,sphinx-doc__sphinx-8506,3.4,1,7,1,22,1,169,bug,10,1,2,0,0,0,0,0,0,0,0,0,0
sphinx-doc/sphinx,sphinx-doc__sphinx-8595,3.5,1,2,2,43,1,90,bug,3,1,0,1,1,0,1,1,0,1,1,0,0
sphinx-doc/sphinx,sphinx-doc__sphinx-8627,3.5,1,7,1,3,2,156,bug,12,1,2,1,0,0,1,0,0,0,0,0,0
sphinx-doc/sphinx,sphinx-doc__sphinx-8713,4.0,1,8,1,9,1,193,bug,7,1,0,1,1,1,1,1,0,0,1,0,1
sphinx-doc/sphinx,sphinx-doc__sphinx-8721,3.5,1,4,1,15,1,78,bug,3,1,0,1,1,0,1,1,1,1,1,0,0
sphinx-doc/sphinx,sphinx-doc__sphinx-8801,3.5,1,27,2,75,1,117,bug,3,1,-1,1,0,0,1,1,0,0,0,0,0
sympy/sympy,sympy__sympy-11400,1.0,1,14,1,22,2,42,bug,6,6,2,0,0,0,0,0,0,0,0,0,0
sympy/sympy,sympy__sympy-11870,1.1,1,7,1,12,1,58,enhancement,9,6,2,0,0,0,0,0,0,0,0,0,0
sympy/sympy,sympy__sympy-11897,1.0,1,4,1,2,1,98,bug,1,6,2,0,0,0,0,0,0,0,0,0,0
sympy/sympy,sympy__sympy-12171,1.0,1,3,1,10,1,75,bug,6,6,2,0,0,0,0,0,0,0,0,0,0
sympy/sympy,sympy__sympy-12236,1.0,1,6,2,18,1,302,bug,6,6,2,0,0,0,1,0,0,0,0,0,0
sympy/sympy,sympy__sympy-12419,1.0,1,10,1,8,1,187,bug,4,5,2,1,1,0,1,1,0,0,0,0,0
sympy/sympy,sympy__sympy-12454,1.0,1,4,1,5,2,172,bug,9,5,2,1,1,0,1,0,0,0,0,0,0
sympy/sympy,sympy__sympy-12481,1.0,1,8,1,2,1,55,bug,0,-1,0,1,1,1,1,1,0,1,0,1,0
sympy/sympy,sympy__sympy-13031,1.1,1,12,1,6,1,108,bug,6,5,2,1,1,1,0,1,1,0,0,0,0
sympy/sympy,sympy__sympy-13043,1.1,1,6,1,16,1,68,bug,7,-1,0,0,0,0,0,0,0,0,0,0,0
sympy/sympy,sympy__sympy-13146,1.1,1,8,1,3,1,45,question,4,6,2,0,0,0,0,0,0,0,0,0,0
sympy/sympy,sympy__sympy-13177,1.1,1,3,1,15,2,76,bug,6,6,2,0,0,0,0,0,0,0,0,0,0
sympy/sympy,sympy__sympy-13437,1.1,1,9,1,11,1,98,bug,4,6,0,0,0,0,0,0,0,0,0,0,0
sympy/sympy,sympy__sympy-13471,1.1,1,5,1,6,1,108,bug,2,2,0,1,1,1,1,1,1,1,1,0,0
sympy/sympy,sympy__sympy-13480,1.1,1,2,1,2,1,56,bug,8,6,2,1,1,1,1,1,1,1,1,1,1
sympy/sympy,sympy__sympy-13647,1.1,1,2,1,8,1,211,bug,6,5,2,1,1,1,1,1,1,1,0,1,0
sympy/sympy,sympy__sympy-13773,1.1,1,8,1,24,1,111,bug,4,5,2,0,0,0,0,0,0,0,0,0,0
sympy/sympy,sympy__sympy-13895,1.1,1,8,1,14,2,67,bug,8,6,2,0,0,1,0,0,0,0,0,0,0
sympy/sympy,sympy__sympy-13915,1.1,1,5,1,10,1,106,bug,4,6,2,0,0,1,1,0,0,0,0,0,0
sympy/sympy,sympy__sympy-13971,1.1,1,4,1,24,1,72,bug,4,6,0,1,1,1,0,1,1,1,1,0,0
sympy/sympy,sympy__sympy-14024,1.1,1,12,1,8,2,102,bug,11,6,2,0,0,0,0,0,0,0,0,0,0
sympy/sympy,sympy__sympy-14308,1.1,1,39,2,36,2,45,bug,6,-1,3,0,0,0,0,0,0,0,0,0,0
sympy/sympy,sympy__sympy-14317,1.1,1,45,1,11,2,109,bug,1,6,3,0,0,0,0,0,0,0,0,0,0
sympy/sympy,sympy__sympy-14396,1.1,1,8,1,10,1,176,bug,6,4,2,1,1,0,1,1,0,0,0,0,0
sympy/sympy,sympy__sympy-14774,1.1,1,2,1,4,1,67,bug,4,6,0,1,1,1,1,1,1,1,1,1,1
sympy/sympy,sympy__sympy-14817,1.1,1,3,1,7,1,226,bug,10,6,2,1,0,0,1,0,0,1,0,1,0
sympy/sympy,sympy__sympy-15011,1.2,1,14,1,8,1,101,bug,8,5,2,1,1,1,1,1,1,1,0,0,0
sympy/sympy,sympy__sympy-15308,1.4,1,8,1,32,1,46,bug,4,5,2,0,0,0,0,0,0,0,0,0,0
sympy/sympy,sympy__sympy-15345,1.4,1,5,1,3,1,41,bug,5,6,2,1,1,0,1,1,0,0,0,0,0
sympy/sympy,sympy__sympy-15346,1.4,1,2,1,11,1,125,question,7,6,2,1,1,0,1,1,0,0,0,0,0
sympy/sympy,sympy__sympy-15609,1.4,1,5,1,5,1,60,bug,4,5,2,1,1,1,1,0,1,1,1,0,0
sympy/sympy,sympy__sympy-15678,1.4,1,11,1,10,1,108,bug,9,6,2,1,1,1,1,0,0,0,0,1,0
sympy/sympy,sympy__sympy-16106,1.4,1,20,1,16,1,178,bug,6,6,2,0,0,0,0,0,0,0,0,0,0
sympy/sympy,sympy__sympy-16281,1.4,1,7,1,61,2,280,enhancement,1,6,0,0,0,0,0,0,0,0,0,0,0
sympy/sympy,sympy__sympy-16503,1.5,1,10,1,104,1,54,bug,6,6,3,0,1,0,0,0,0,0,0,0,0
sympy/sympy,sympy__sympy-16792,1.5,1,16,1,19,1,285,bug,6,6,0,1,1,1,1,1,0,0,0,0,0
sympy/sympy,sympy__sympy-16988,1.5,1,2,1,5,2,56,bug,11,-1,0,1,0,1,1,0,0,0,0,0,0
sympy/sympy,sympy__sympy-17022,1.5,1,7,2,25,1,140,bug,4,5,4,1,1,1,1,0,0,0,0,0,0
sympy/sympy,sympy__sympy-17139,1.5,1,2,2,9,2,206,bug,11,6,0,1,1,1,1,1,1,1,0,0,0
sympy/sympy,sympy__sympy-17630,1.5,1,2,2,22,2,303,bug,6,5,0,0,0,0,0,0,0,0,0,0,0
sympy/sympy,sympy__sympy-17655,1.5,1,4,1,4,2,199,bug,6,-1,2,1,0,1,1,1,0,1,1,0,0
sympy/sympy,sympy__sympy-18057,1.6,1,2,2,24,1,271,bug,6,6,4,1,1,1,1,0,0,0,0,0,0
sympy/sympy,sympy__sympy-18087,1.6,1,14,2,5,2,44,bug,8,6,2,1,0,1,0,0,0,0,0,0,0
sympy/sympy,sympy__sympy-18189,1.6,1,2,1,8,1,106,question,0,6,2,1,1,1,1,1,1,0,0,0,0
sympy/sympy,sympy__sympy-18199,1.6,1,50,2,18,1,66,bug,1,6,3,0,0,1,0,0,0,0,0,0,0
sympy/sympy,sympy__sympy-18532,1.6,1,9,2,6,2,54,bug,6,4,2,1,1,1,1,0,1,0,0,0,0
sympy/sympy,sympy__sympy-18621,1.6,1,2,1,4,1,198,bug,6,5,2,1,1,1,1,1,1,0,1,0,0
sympy/sympy,sympy__sympy-18698,1.6,1,11,1,7,1,106,bug,6,6,2,0,0,0,0,0,0,0,0,0,0
sympy/sympy,sympy__sympy-18835,1.6,1,21,1,4,1,135,enhancement,7,-1,-1,0,0,0,0,0,0,0,0,0,0
sympy/sympy,sympy__sympy-19007,1.6,1,18,2,69,3,82,bug,6,5,3,0,0,0,0,0,0,0,0,0,0
sympy/sympy,sympy__sympy-19254,1.7,1,61,1,3,1,77,enhancement,5,6,3,0,0,0,0,0,0,0,0,0,0
sympy/sympy,sympy__sympy-19487,1.7,1,3,2,12,1,105,enhancement,8,6,2,0,1,0,0,0,0,0,0,0,0
sympy/sympy,sympy__sympy-20049,1.7,1,34,1,104,4,222,bug,10,-1,3,0,1,1,0,0,0,0,0,0,0
sympy/sympy,sympy__sympy-20154,1.7,1,23,1,16,2,88,enhancement,4,6,3,1,1,1,1,1,0,0,1,1,0
sympy/sympy,sympy__sympy-20212,1.7,1,2,1,3,1,79,bug,4,6,0,1,1,1,1,1,0,1,1,1,0
sympy/sympy,sympy__sympy-20322,1.8,1,54,1,21,1,77,question,6,6,2,0,0,0,0,0,0,0,0,0,0
sympy/sympy,sympy__sympy-20442,1.8,1,7,1,6,1,94,bug,5,-1,2,1,1,1,1,1,1,0,0,0,0
sympy/sympy,sympy__sympy-20590,1.7,1,5,1,6,1,80,question,6,-1,2,1,1,1,1,1,1,0,0,0,0
sympy/sympy,sympy__sympy-20639,1.8,1,24,1,51,2,57,bug,6,6,3,0,0,0,0,0,0,0,0,0,0
sympy/sympy,sympy__sympy-21055,1.8,1,23,1,6,1,91,enhancement,8,6,3,1,1,1,1,1,0,1,0,0,0
sympy/sympy,sympy__sympy-21171,1.8,1,4,1,13,1,707,bug,6,6,1,0,0,0,0,0,0,0,0,0,0
sympy/sympy,sympy__sympy-21379,1.9,1,12,1,10,1,293,bug,6,6,2,1,1,1,0,0,1,0,0,0,0
sympy/sympy,sympy__sympy-21612,1.9,1,2,1,2,1,79,bug,8,6,2,0,1,0,0,0,0,0,0,0,0
sympy/sympy,sympy__sympy-21614,1.9,1,4,1,6,1,55,bug,8,5,2,1,1,1,1,1,0,0,0,0,0
sympy/sympy,sympy__sympy-21627,1.9,1,2,1,2,1,42,bug,8,6,2,0,1,1,1,0,1,0,0,0,0
sympy/sympy,sympy__sympy-21847,1.9,1,4,1,13,1,134,bug,6,6,2,1,1,1,1,1,1,1,1,0,1
sympy/sympy,sympy__sympy-22005,1.9,1,6,1,5,1,147,bug,6,4,2,1,1,1,1,0,1,0,0,0,0
sympy/sympy,sympy__sympy-22714,1.1,1,2,1,7,1,141,bug,6,6,0,1,1,1,1,1,1,1,0,1,0
sympy/sympy,sympy__sympy-22840,1.1,1,6,2,27,2,580,bug,4,5,1,0,1,0,0,0,0,0,0,0,0
sympy/sympy,sympy__sympy-23117,1.11,1,15,1,21,1,119,bug,14,5,2,1,1,1,1,1,1,1,0,1,0
sympy/sympy,sympy__sympy-23191,1.11,1,24,1,51,1,201,bug,1,6,3,0,0,0,0,0,0,0,0,0,0
sympy/sympy,sympy__sympy-23262,1.11,1,4,1,2,1,154,bug,4,6,2,1,1,1,1,1,1,0,1,0,0
sympy/sympy,sympy__sympy-24066,1.12,1,7,1,21,1,57,bug,4,-1,0,1,1,1,1,1,0,1,0,1,0
sympy/sympy,sympy__sympy-24102,1.12,1,2,2,4,2,228,bug,7,6,0,0,0,0,0,0,0,0,0,0,0
sympy/sympy,sympy__sympy-24152,1.12,1,9,1,7,1,297,bug,6,6,2,1,1,1,1,1,1,1,1,1,1
sympy/sympy,sympy__sympy-24213,1.12,1,2,1,16,1,92,bug,10,-1,0,1,1,1,1,1,1,1,0,0,0
sympy/sympy,sympy__sympy-24909,1.13,1,10,1,7,1,96,bug,6,-1,2,0,0,0,0,0,0,0,0,0,0
